,Substituents,SMILES,Solvent,PBE0,CAM-B3LYP,Experiment
0,None,C1(/N=N/C2=CC=CC=C2)=CC=CC=C1,ACN,339.0,324.0,316
1,4-Cl,ClC1=CC=C(/N=N/C2=CC=CC=C2)C=C1,ACN,348.0,328.0,322
2,4-CN,N#CC1=CC=C(/N=N/C2=CC=CC=C2)C=C1,ACN,352.0,331.0,321
3,4-OH,OC1=CC=C(/N=N/C2=CC=CC=C2)C=C1,ACN,360.0,345.0,344
4,4-NH2,NC1=CC=C(/N=N/C2=CC=CC=C2)C=C1,ACN,392.0,376.0,382
5,4-NMe2,CN(C)C1=CC=C(/N=N/C2=CC=CC=C2)C=C1,ACN,417.0,395.0,408
6,None,C1(/N=N/C2=CC=CC=C2)=CC=CC=C1,Alk,338.0,327.0,316
7,2-CF3,FC(F)(F)C1=CC=CC=C1/N=N/C2=CC=CC=C2,Alk,342.0,330.0,317
8,2-Me,CC1=CC=CC=C1/N=N/C2=CC=CC=C2,Alk,349.0,337.0,323
9,4-CF3,FC(F)(F)C1=CC=C(/N=N/C2=CC=CC=C2)C=C1,Alk,339.0,327.0,315
10,4-Me,CC1=CC=C(/N=N/C2=CC=CC=C2)C=C1,Alk,345.0,332.0,322
11,"2,2′-CF3",FC(F)(F)C1=C(/N=N/C2=C(C(F)(F)F)C=CC=C2)C=CC=C1,Alk,343.0,330.0,317
12,"2,2′-Me",CC1=CC=CC=C1/N=N/C2=CC=CC=C2C,Alk,360.0,347.0,330
13,"2,6-Me",CC(C=CC=C1C)=C1/N=N/C2=CC=CC=C2,Alk,332.0,318.0,316
14,"4,4′-CF3",FC(F)(F)C1=CC=C(/N=N/C2=CC=C(C(F)(F)F)C=C2)C=C1,Alk,335.0,322.0,313
15,"4,4′-Me",CC1=CC=C(/N=N/C2=CC=C(C)C=C2)C=C1,Alk,351.0,339.0,326
16,"2,4,6,2′,4′,6′-Me",CC1=CC(C)=CC(C)=C1/N=N/C2=C(C)C=C(C)C=C2C,Alk,344.0,316.0,325
17,"2-OH,5-Me",OC(C=CC(C)=C1)=C1/N=N/C2=CC=CC=C2,Benz,403.0,309.0,330
18,None,C1(/N=N/C2=CC=CC=C2)=CC=CC=C1,CH,339.0,328.0,317
19,4-Br,BrC1=CC=C(/N=N/C2=CC=CC=C2)C=C1,CH,352.0,335.0,326
20,4-Cl,ClC1=CC=C(/N=N/C2=CC=CC=C2)C=C1,CH,348.0,334.0,324
21,4-F,FC1=CC=C(/N=N/C2=CC=CC=C2)C=C1,CH,342.0,330.0,319
22,4-OH,OC1=CC=C(/N=N/C2=CC=CC=C2)C=C1,CH,358.0,346.0,339
23,4-Me,CC1=CC=C(/N=N/C2=CC=CC=C2)C=C1,CH,346.0,335.0,324
24,4-NH2,NC1=CC=C(/N=N/C2=CC=CC=C2)C=C1,CH,383.0,370.0,364
25,4-NHCOMe,CC(NC1=CC=C(/N=N/C2=CC=CC=C2)C=C1)=O,CH,371.0,353.0,346
26,4-NHMe,CNC1=CC=C(/N=N/C2=CC=CC=C2)C=C1,CH,400.0,386.0,380
27,4-NMe2,CN(C)C1=CC=C(/N=N/C2=CC=CC=C2)C=C1,CH,408.0,389.0,400
28,"2,2′-Cl",ClC1=C(/N=N/C2=C(Cl)C=CC=C2)C=CC=C1,CH,362.0,344.0,328
29,"2,2′-Me",CC1=CC=CC=C1/N=N/C2=CC=CC=C2C,CH,361.0,348.0,331
30,"3,3′-Cl",ClC1=CC=CC(/N=N/C2=CC=CC(Cl)=C2)=C1,CH,344.0,327.0,318
31,"3,3′-Me",CC1=CC=CC(/N=N/C2=CC=CC(C)=C2)=C1,CH,343.0,332.0,323
32,"4-Cl,4′-NMe2",ClC(C=C1)=CC=C1/N=N/C2=CC=C(N(C)C)C=C2,CH,417.0,397.0,410
33,"4,4′-Cl",ClC1=CC=C(/N=N/C2=CC=C(Cl)C=C2)C=C1,CH,358.0,340.0,331
34,"4,4′-Me",CC1=CC=C(/N=N/C2=CC=C(C)C=C2)C=C1,CH,352.0,340.0,330
35,"4-Me,4′-NMe2",CC(C=C1)=CC=C1/N=N/C2=CC=C(N(C)C)C=C2,CH,409.0,389.0,400
36,"4-NMe2,3′-NO2",CN(C)C(C=C1)=CC=C1/N=N/C2=CC=CC([N+]([O-])=O)=C2,CH,419.0,400.0,420
37,"4-NMe2,4′-NO2",CN(C)C(C=C1)=CC=C1/N=N/C2=CC=C([N+]([O-])=O)C=C2,CH,478.0,433.0,446
38,"2,2′-Me,4′-NMe2",CC1=C(/N=N/C2=C(C)C=C(C=C2)N(C)C)C=CC=C1,CH,424.0,406.0,400
39,"2,2′-Me,3,3′-Cl",CC1=C(Cl)C=CC=C1/N=N/C2=C(C)C(Cl)=CC=C2,CH,341.0,325.0,329
40,"2,2′-Me,4,4′-Cl",CC1=CC(Cl)=CC=C1/N=N/C2=C(C)C=C(Cl)C=C2,CH,379.0,360.0,346
41,"2,2′-Me,4-Cl,4′-NMe2",CC1=C(/N=N/C2=CC=C(N(C)C)C=C2C)C=CC(Cl)=C1,CH,433.0,414.0,411
42,"2,2′-Me,4-NO2,4′-NMe2",CC1=C(/N=N/C2=CC=C(N(C)C)C=C2C)C=CC([N+]([O-])=O)=C1,CH,490.0,451.0,452
43,"2,2′-Me,5-NO2,4′-NMe2",CC1=C(/N=N/C2=CC=C(N(C)C)C=C2C)C=C([N+]([O-])=O)C=C1,CH,434.0,417.0,425
44,"2,3,2′,3′-Me",CC1=C(/N=N/C2=CC=CC(C)=C2C)C=CC=C1C,CH,342.0,328.0,332
45,"2,4,2′,4′-Me",CC1=C(/N=N/C2=CC=C(C)C=C2C)C=CC(C)=C1,CH,374.0,360.0,346
46,"2,4,2′-Me,4′-NMe2",CC1=C(/N=N/C2=CC=C(N(C)C)C=C2C)C=CC(C)=C1,CH,426.0,408.0,399
47,"2,5,2′,5′-Me",CC1=C(/N=N/C2=CC(C)=CC=C2C)C=C(C)C=C1,CH,370.0,354.0,336
48,"3,4,3′,4′-Me",CC1=CC(/N=N/C2=CC(C)=C(C)C=C2)=CC=C1C,CH,356.0,343.0,333
49,None,C1(/N=N/C2=CC=CC=C2)=CC=CC=C1,Chl,340.0,325.0,319
50,2-Br,BrC1=CC=CC=C1/N=N/C2=CC=CC=C2,Chl,355.0,333.0,326
51,3-Br,BrC1=CC(/N=N/C2=CC=CC=C2)=CC=C1,Chl,343.0,325.0,323
52,"2,2′-NO2",O=[N+]([O-])C1=C(/N=N/C2=C([N+]([O-])=O)C=CC=C2)C=CC=C1,Chl,354.0,327.0,323
53,"3,3′-Me",CC1=CC=CC(/N=N/C2=CC=CC(C)=C2)=C1,Chl,345.0,330.0,331
54,"3,3′-NO2",O=[N+]([O-])C1=CC=CC(/N=N/C2=CC([N+]([O-])=O)=CC=C2)=C1,Chl,339.0,319.0,311
55,"4,4′-NO2",O=[N+]([O-])C1=CC=C(/N=N/C2=CC=C(C=C2)[N+]([O-])=O)C=C1,Chl,368.0,344.0,335
56,None,C1(/N=N/C2=CC=CC=C2)=CC=CC=C1,EtOH,344.0,324.0,319
57,2-Br,BrC1=CC=CC=C1/N=N/C2=CC=CC=C2,EtOH,357.0,331.0,326
58,2-NH2,NC1=CC=CC=C1/N=N/C2=CC=CC=C2,EtOH,419.0,388.0,421
59,3-Br,BrC1=CC(/N=N/C2=CC=CC=C2)=CC=C1,EtOH,346.0,324.0,321
60,3-NH2,NC1=CC(/N=N/C2=CC=CC=C2)=CC=C1,EtOH,429.0,370.0,417
61,4-Br,BrC1=CC=C(/N=N/C2=CC=CC=C2)C=C1,EtOH,355.0,329.0,329
62,4-Cl,ClC1=CC=C(/N=N/C2=CC=CC=C2)C=C1,EtOH,352.0,328.0,327
63,4-CN,N#CC1=CC=C(/N=N/C2=CC=CC=C2)C=C1,EtOH,356.0,332.0,324
64,4-COMe,CC(C1=CC=C(/N=N/C2=CC=CC=C2)C=C1)=O,EtOH,360.0,335.0,326
65,4-COOMe,O=C(OC)C1=CC=C(/N=N/C2=CC=CC=C2)C=C1,EtOH,355.0,331.0,328
66,4-F,FC1=CC=C(/N=N/C2=CC=CC=C2)C=C1,EtOH,346.0,326.0,322
67,4-OH,OC1=CC=C(/N=N/C2=CC=CC=C2)C=C1,EtOH,367.0,345.0,349
68,4-Me,CC1=CC=C(/N=N/C2=CC=CC=C2)C=C1,EtOH,353.0,334.0,330
69,4-NEt2,CCN(CC)C1=CC=C(/N=N/C2=CC=CC=C2)C=C1,EtOH,431.0,402.0,416
70,4-NH2,NC1=CC=C(/N=N/C2=CC=CC=C2)C=C1,EtOH,403.0,379.0,385
71,4-NHMe,CNC1=CC=C(/N=N/C2=CC=CC=C2)C=C1,EtOH,422.0,397.0,399
72,4-NMe2,CN(C)C1=CC=C(/N=N/C2=CC=CC=C2)C=C1,EtOH,427.0,396.0,407
73,4-NO2,O=[N+]([O-])C1=CC=C(/N=N/C2=CC=CC=C2)C=C1,EtOH,378.0,344.0,333
74,"2,2′-Cl",ClC1=C(/N=N/C2=C(Cl)C=CC=C2)C=CC=C1,EtOH,364.0,338.0,320
75,"2-CN,4′-NEt2",CCN(CC)C(C=C1)=CC=C1/N=N/C2=C(C#N)C=CC=C2,EtOH,453.0,422.0,462
76,"2,2′-Me",CC1=CC=CC=C1/N=N/C2=CC=CC=C2C,EtOH,365.0,343.0,331
77,"2,4-NH2",NC1=C(/N=N/C2=CC=CC=C2)C=CC(N)=C1,EtOH,404.0,384.0,411
78,"2,2′-NO2",O=[N+]([O-])C1=C(/N=N/C2=C([N+]([O-])=O)C=CC=C2)C=CC=C1,EtOH,358.0,329.0,321
79,"3,3′-Br",BrC1=CC=CC(/N=N/C2=CC=CC(Br)=C2)=C1,EtOH,349.0,322.0,320
80,"3,3′-Cl",ClC1=CC=CC(/N=N/C2=CC=CC(Cl)=C2)=C1,EtOH,346.0,322.0,320
81,"3-CN,4′-NEt2",CCN(CC)C1=CC=C(/N=N/C2=CC(C#N)=CC=C2)C=C1,EtOH,444.0,407.0,446
82,"3,3′-F",FC1=CC=CC(/N=N/C2=CC=CC(F)=C2)=C1,EtOH,345.0,322.0,320
83,"3,3′-NO2",O=[N+]([O-])C1=CC=CC(/N=N/C2=CC([N+]([O-])=O)=CC=C2)=C1,EtOH,344.0,318.0,310
84,"4,4′-Br",BrC1=CC=C(/N=N/C2=CC=C(Br)C=C2)C=C1,EtOH,366.0,336.0,324
85,"4-Br,4′-NMe2",BrC(C=C1)=CC=C1/N=N/C2=CC=C(N(C)C)C=C2,EtOH,428.0,404.0,419
86,"4-Cl,4′-NMe2",ClC(C=C1)=CC=C1/N=N/C2=CC=C(N(C)C)C=C2,EtOH,435.0,404.0,416
87,"4-CF3,4′-NMe2",CN(C)C1=CC=C(/N=N/C2=CC=C(C(F)(F)F)C=C2)C=C1,EtOH,443.0,408.0,427
88,"4-CN,4′-NEt2",CCN(CC)C1=CC=C(/N=N/C2=CC=C(C#N)C=C2)C=C1,EtOH,465.0,428.0,466
89,"4-COOMe,4′-NMe2",CN(C)C1=CC=C(/N=N/C2=CC=C(C(OC)=O)C=C2)C=C1,EtOH,457.0,419.0,442
90,"4,4′-F",FC1=CC=C(/N=N/C2=CC=C(F)C=C2)C=C1,EtOH,349.0,327.0,325
91,"4-F,4′-NMe2",FC(C=C1)=CC=C1/N=N/C2=CC=C(N(C)C)C=C2,EtOH,437.0,397.0,407
92,"4,4′-Me",CC1=CC=C(/N=N/C2=CC=C(C)C=C2)C=C1,EtOH,360.0,338.0,334
93,"4-Me,4′-NMe2",CC(C=C1)=CC=C1/N=N/C2=CC=C(N(C)C)C=C2,EtOH,428.0,398.0,407
94,"4-Me,4′-NEt2",CC(C=C1)=CC=C1/N=N/C2=CC=C(N(CC)CC)C=C2,EtOH,432.0,403.0,411
95,"4,4′-NEt2",CCN(CC)C1=CC=C(/N=N/C2=CC=C(N(CC)CC)C=C2)C=C1,EtOH,467.0,434.0,426
96,"4-NEt2,4′-NH2",NC1=CC=C(/N=N/C2=CC=C(N(CC)CC)C=C2)C=C1,EtOH,449.0,418.0,412
97,"4-NEt2,4′-NMe2",CN(C)C1=CC=C(/N=N/C2=CC=C(N(CC)CC)C=C2)C=C1,EtOH,464.0,430.0,420
98,"4-NEt2,4′-NO2",CCN(CC)C(C=C1)=CC=C1/N=N/C2=CC=C([N+]([O-])=O)C=C2,EtOH,528.0,458.0,482
99,"4-NEtEtOH,4′-NO2",OCCNC(C=C1)=CC=C1/N=N/C2=CC=C([N+]([O-])=O)C=C2,EtOH,532.0,462.0,503
100,"4-NH2,4′-NMe2",NC1=CC=C(/N=N/C2=CC=C(N(C)C)C=C2)C=C1,EtOH,446.0,414.0,410
101,"4-NH2,4′-NO2",NC1=CC=C(/N=N/C2=CC=C([N+]([O-])=O)C=C2)C=C1,EtOH,493.0,435.0,441
102,"4,4′-NMe2",CN(C)C(C=C1)=CC=C1/N=N/C2=CC=C(N(C)C)C=C2,EtOH,461.0,427.0,455
103,"4-NMe2,2′-NO2",CN(C)C(C=C1)=CC=C1/N=N/C2=CC=CC=C2[N+]([O-])=O,EtOH,501.0,434.0,440
104,"4-NMe2,3′-NO2",CN(C)C(C=C1)=CC=C1/N=N/C2=CC=CC([N+]([O-])=O)=C2,EtOH,437.0,406.0,431
105,"4-NMe2,4′-NO2",CN(C)C(C=C1)=CC=C1/N=N/C2=CC=C([N+]([O-])=O)C=C2,EtOH,522.0,451.0,473
106,"4,4′-NO2",O=[N+]([O-])C1=CC=C(/N=N/C2=CC=C(C=C2)[N+]([O-])=O)C=C1,EtOH,374.0,345.0,335
107,"4-NO2,4′-OH",OC1=CC=C(/N=N/C2=CC=C(C=C2)[N+]([O-])=O)C=C1,EtOH,427.0,379.0,382
108,"4,4′-OH",OC1=CC=C(/N=N/C2=CC=C(C=C2)O)C=C1,EtOH,382.0,359.0,355
109,"2-OH,3,5-Me",OC1=C(/N=N/C2=CC(C)=CC(C)=C2)C=CC=C1,EtOH,345.0,319.0,332
110,"3,5-Me,4-OH",OC(C=C1)=CC=C1/N=N/C2=CC(C)=CC(C)=C2,EtOH,375.0,350.0,351
111,"4-NEt2,2′,4′-CN",CCN(CC)C(C=C1)=CC=C1/N=N/C2=C(C#N)C=C(C#N)C=C2,EtOH,484.0,453.0,515
112,"4-NEt2,2′,5′-CN",CCN(CC)C(C=C1)=CC=C1/N=N/C2=C(C#N)C=CC(C#N)=C2,EtOH,472.0,437.0,495
113,"4-NEt2,2′,6′-CN",CCN(CC)C(C=C1)=CC=C1/N=N/C2=C(C#N)C=CC=C2C#N,EtOH,465.0,431.0,503
114,"4-NEt2,3′,4′-CN",CCN(CC)C(C=C1)=CC=C1/N=N/C2=CC(C#N)=C(C#N)C=C2,EtOH,496.0,447.0,500
115,"4-NEt2,3′,5′-CN",CCN(CC)C(C=C1)=CC=C1/N=N/C2=CC(C#N)=CC(C#N)=C2,EtOH,459.0,422.0,478
116,"4-NEt2,2′,4′,6′-CN",CC1=CC(N(CC)CC)=CC=C1/N=N/C2=C(C#N)C=C(C#N)C=C2C#N,EtOH,496.0,483.0,562
117,"2,4,6,2′,4′,6′-Br",BrC1=CC(Br)=CC(Br)=C1/N=N/C2=C(Br)C=C(Br)C=C2Br,EtOH,328.0,298.0,302
118,"3,5,3′,5′-Me,4-NMe2,4′-NO2",CC1=C([N+]([O-])=O)C(C)=CC(/N=N/C2=CC(C)=C(N(C)C)C(C)=C2)=C1,EtOH,524.0,432.0,382
119,4-OH,OC1=CC=C(/N=N/C2=CC=CC=C2)C=C1,MeOH,368.0,345.0,347
120,4-Maleinanil,O=C1C=CC(N1C2=CC=C(/N=N/C3=CC=CC=C3)C=C2)=O,MeOH,356.0,332.0,329
121,4-NH2,NC1=CC=C(/N=N/C2=CC=CC=C2)C=C1,MeOH,403.0,379.0,386
122,4-NMe2,CN(C)C1=CC=C(/N=N/C2=CC=CC=C2)C=C1,MeOH,427.0,397.0,408
123,4-NHPh,C1(NC2=CC=CC=C2)=CC=C(/N=N/C3=CC=CC=C3)C=C1,MeOH,439.0,397.0,411
124,"2-COOH,4′-NMe2",CN(C)C(C=C1)=CC=C1/N=N/C2=C(C(O)=O)C=CC=C2,MeOH,465.0,434.0,410
125,"2,4-OH",OC(C=C(O)C=C1)=C1/N=N/C2=CC=CC=C2,MeOH,382.0,360.0,400
126,"4-NEtEtCN,4′-NO2",O=[N+]([O-])C1=CC=C(/N=N/C2=CC=C(NCCC#N)C=C2)C=C1,MeOH,511.0,448.0,455
127,"3-COOH,4-OH,4′-NO2",OC1=C(C(O)=O)C=C(/N=N/C2=CC=C([N+]([O-])=O)C=C2)C=C1,MeOH,397.0,360.0,385
128,"4-NO2,2′,4′-OH",OC1=C(/N=N/C2=CC=C([N+]([O-])=O)C=C2)C=CC(O)=C1,MeOH,436.0,395.0,432
129,None,C1(/N=N/C2=CC=CC=C2)=CC=CC=C1,Wat,344.0,324.0,321
130,3-Me,CC1=CC(/N=N/C2=CC=CC=C2)=CC=C1,Wat,347.0,326.0,322
131,3-NO2,O=[N+]([O-])C1=CC(/N=N/C2=CC=CC=C2)=CC=C1,Wat,340.0,322.0,327
132,4-Br,BrC1=CC=C(/N=N/C2=CC=CC=C2)C=C1,Wat,355.0,330.0,328
133,4-CN,N#CC1=CC=C(/N=N/C2=CC=CC=C2)C=C1,Wat,356.0,331.0,325
134,4-Me,CC1=CC=C(/N=N/C2=CC=CC=C2)C=C1,Wat,355.0,333.0,331
135,4-NO2,O=[N+]([O-])C1=CC=C(/N=N/C2=CC=CC=C2)C=C1,Wat,378.0,344.0,334
136,"4-NHPh, 4′-NO2",O=[N+]([O-])C(C=C1)=CC=C1/N=N/C2=CC=C(NC3=CC=CC=C3)C=C2,Wat,536.0,452.0,483
137,"2-OH,5-Me,4′-NHCOMe",OC1=C(/N=N/C2=CC=C(NC(C)=O)C=C2)C=C(C)C=C1,Wat,417.0,379.0,357
138,"2-OH,3,5-NO2,2′-OH,5′-Me",OC1=C([N+]([O-])=O)C=C([N+]([O-])=O)C=C1/N=N/C2=C(O)C=CC(C)=C2,Wat,476.0,384.0,400
139,"2-OH,3,5-NO2,2′-OH,3′-NHCOMe,5′-Me",OC(C([N+]([O-])=O)=CC([N+]([O-])=O)=C1)=C1/N=N/C2=CC(C)=CC(NC(C)=O)=C2O,Wat,478.0,402.0,400
140,"2-OH,3,5-NO2,2′,4′-NH2,5′-Cl",OC(C([N+]([O-])=O)=CC([N+]([O-])=O)=C1)=C1/N=N/C2=CC(Cl)=C(N)C=C2N,Wat,525.0,460.0,492
141,"4,4'-morpholine",[H]C1=C(N2CCOCC2)C=CC(/N=N/C3=CC=C(N4CCOCC4)C([H])=C3)=C1,Alk,,,402
142,"4,4'-piperidine",[H]C5=C(N6CCCCC6)C=CC(/N=N/C7=CC=C(N8CCCCC8)C([H])=C7)=C5,Alk,,,410
143,"4,4'-pyrrolidine",[H]C9=C(N%10CCCC%10)C=CC(/N=N/C%11=CC=C(N%12CCCC%12)C([H])=C%11)=C9,Alk,,,431
144,"4,4'-pyrrolidine,5,5'-Me",CC%13=C(N%14CCCC%14)C=CC(/N=N/C%15=CC=C(N%16CCCC%16)C(C)=C%15)=C%13,Alk,,,406
145,"4,4'-pyrrolidine,5,5'-OMe",COC%17=CC(/N=N/C%18=CC(OC)=C(N%19CCCC%19)C=C%18)=CC=C%17N%20CCCC%20,Alk,,,452
146,4-NEt2 4'-morpholine,CCN(CC)C(C=C%21)=CC=C%21/N=N/C%22=CC=C(N%23CCOCC%23)C([H])=C%22,Alk,,,417
147,4-NEt2 4'-piperidine,CCN(CC)C(C=C%24)=CC=C%24/N=N/C%25=CC=C(N%26CCCCC%26)C([H])=C%25,Alk,,,420
148,"4-NEt2 4'-morpholine,5'-Me",CCN(CC)C(C=C%27)=CC=C%27/N=N/C%28=CC=C(N%29CCOCC%29)C(C)=C%28,Alk,,,412
149,"4-NEt2 4'-morpholine,5'-OMe",CCN(CC)C(C=C%30)=CC=C%30/N=N/C%31=CC=C(N%32CCOCC%32)C(OC)=C%31,Alk,,,422
150,"4-NO2,2'-OMe,4'-NEt2",[H]C1=CC([N+]([O-])=O)=CC([H])=C1/N=N/C2=CC([H])=C(C=C2OC)N(CC)CC,CH,,,416
151,"4-NO2,2'-OMe,4'-NH2",NC1=C(OC)C=C(/N=N/C2=C([H])C=C([N+]([O-])=O)C=C2[H])C([H])=C1,CH,,,430
152,"4-NO2,2'-OMe,4'-NEt2",[H]C1=CC([N+]([O-])=O)=CC([H])=C1/N=N/C2=CC([H])=C(C=C2OC)N(CC)CC,EtOH,,,501
153,"4-NO2,2'-OMe,4'-NH2",NC1=C(OC)C=C(/N=N/C2=C([H])C=C([N+]([O-])=O)C=C2[H])C([H])=C1,EtOH,,,488
154,,[H]C1=CC([N+]([O-])=O)=CC([H])=C1/N=N/C2=CC([H])=C(C=C2[H])N(CC)CC,EtOH,,,489
155,,[H]C1=CC([N+]([O-])=O)=CC(Cl)=C1/N=N/C2=CC([H])=C(C=C2[H])N(CC)CC,EtOH,,,512
156,,[H]C1=CC([N+]([O-])=O)=CC([N+]([O-])=O)=C1/N=N/C2=CC([H])=C(C=C2[H])N(CC)CC,EtOH,,,532
157,,[H]C1=CC([N+]([O-])=O)=CC(C#N)=C1/N=N/C2=CC([H])=C(C=C2[H])N(CC)CC,EtOH,,,542
158,,BrC1=CC([N+]([O-])=O)=CC([N+]([O-])=O)=C1/N=N/C2=CC([H])=C(C=C2[H])N(CC)CC,EtOH,,,540
159,,ClC1=CC([N+]([O-])=O)=CC(C#N)=C1/N=N/C2=CC([H])=C(C=C2[H])N(CC)CC,EtOH,,,551
160,,[H]C1=C(C=C([H])C(/N=N/C2=C(C#N)C=C([N+]([O-])=O)C=C2C#N)=C1)N(CC)CC,EtOH,,,592
161,,[H]C1=CC([N+]([O-])=O)=CC([H])=C1/N=N/C2=CC([H])=C(C=C2OC)N(CC)CC,EtOH,,,505
162,,[H]C3=CC([N+]([O-])=O)=CC(Cl)=C3/N=N/C4=CC([H])=C(C=C4OC)N(CC)CC,EtOH,,,526
163,,[H]C5=CC([N+]([O-])=O)=CC([N+]([O-])=O)=C5/N=N/C6=CC([H])=C(C=C6OC)N(CC)CC,EtOH,,,545
164,,[H]C7=CC([N+]([O-])=O)=CC(C#N)=C7/N=N/C8=CC([H])=C(C=C8OC)N(CC)CC,EtOH,,,555
165,,BrC9=CC([N+]([O-])=O)=CC([N+]([O-])=O)=C9/N=N/C%10=CC([H])=C(C=C%10OC)N(CC)CC,EtOH,,,554
166,,ClC%11=CC([N+]([O-])=O)=CC(C#N)=C%11/N=N/C%12=CC([H])=C(C=C%12OC)N(CC)CC,EtOH,,,565
167,,[H]C%13=C(C=C(OC)C(/N=N/C%14=C(C#N)C=C([N+]([O-])=O)C=C%14C#N)=C%13)N(CC)CC,EtOH,,,601
168,,[H]C1=CC([N+]([O-])=O)=CC([H])=C1/N=N/C2=CC(OC)=C(C=C2)N(CC)CC,EtOH,,,492
169,,[H]C3=CC([N+]([O-])=O)=CC(Cl)=C3/N=N/C4=CC(OC)=C(C=C4)N(CC)CC,EtOH,,,518
170,,[H]C5=CC([N+]([O-])=O)=CC([N+]([O-])=O)=C5/N=N/C6=CC(OC)=C(C=C6)N(CC)CC,EtOH,,,540
171,,[H]C7=CC([N+]([O-])=O)=CC(C#N)=C7/N=N/C8=CC(OC)=C(C=C8)N(CC)CC,EtOH,,,555
172,,BrC9=CC([N+]([O-])=O)=CC([N+]([O-])=O)=C9/N=N/C%10=CC(OC)=C(C=C%10)N(CC)CC,EtOH,,,549
173,,ClC%11=CC([N+]([O-])=O)=CC(C#N)=C%11/N=N/C%12=CC(OC)=C(C=C%12)N(CC)CC,EtOH,,,573
174,,CCN(C%13=C(OC)C=C(/N=N/C%14=C(C#N)C=C([N+]([O-])=O)C=C%14C#N)C=C%13)CC,EtOH,,,623
175,,[H]C1=CC([N+]([O-])=O)=CC([H])=C1/N=N/C2=CC([H])=C(C=C2[H])N(CC)CC,toluene,,,479
176,,[H]C1=CC([N+]([O-])=O)=CC(Cl)=C1/N=N/C2=CC([H])=C(C=C2[H])N(CC)CC,toluene,,,502
177,,[H]C1=CC([N+]([O-])=O)=CC([N+]([O-])=O)=C1/N=N/C2=CC([H])=C(C=C2[H])N(CC)CC,toluene,,,522
178,,[H]C1=CC([N+]([O-])=O)=CC(C#N)=C1/N=N/C2=CC([H])=C(C=C2[H])N(CC)CC,toluene,,,530
179,,BrC1=CC([N+]([O-])=O)=CC([N+]([O-])=O)=C1/N=N/C2=CC([H])=C(C=C2[H])N(CC)CC,toluene,,,526
180,,ClC1=CC([N+]([O-])=O)=CC(C#N)=C1/N=N/C2=CC([H])=C(C=C2[H])N(CC)CC,toluene,,,534
181,,[H]C1=C(C=C([H])C(/N=N/C2=C(C#N)C=C([N+]([O-])=O)C=C2C#N)=C1)N(CC)CC,toluene,,,577
182,,[H]C1=CC([N+]([O-])=O)=CC([H])=C1/N=N/C2=CC([H])=C(C=C2OC)N(CC)CC,toluene,,,485
183,,[H]C3=CC([N+]([O-])=O)=CC(Cl)=C3/N=N/C4=CC([H])=C(C=C4OC)N(CC)CC,toluene,,,508
184,,[H]C5=CC([N+]([O-])=O)=CC([N+]([O-])=O)=C5/N=N/C6=CC([H])=C(C=C6OC)N(CC)CC,toluene,,,528
185,,[H]C7=CC([N+]([O-])=O)=CC(C#N)=C7/N=N/C8=CC([H])=C(C=C8OC)N(CC)CC,toluene,,,537
186,,BrC9=CC([N+]([O-])=O)=CC([N+]([O-])=O)=C9/N=N/C%10=CC([H])=C(C=C%10OC)N(CC)CC,toluene,,,533
187,,ClC%11=CC([N+]([O-])=O)=CC(C#N)=C%11/N=N/C%12=CC([H])=C(C=C%12OC)N(CC)CC,toluene,,,542
188,,[H]C%13=C(C=C(OC)C(/N=N/C%14=C(C#N)C=C([N+]([O-])=O)C=C%14C#N)=C%13)N(CC)CC,toluene,,,582
189,,[H]C1=CC([N+]([O-])=O)=CC([H])=C1/N=N/C2=CC(OC)=C(C=C2)N(CC)CC,toluene,,,490
190,,[H]C3=CC([N+]([O-])=O)=CC(Cl)=C3/N=N/C4=CC(OC)=C(C=C4)N(CC)CC,toluene,,,514
191,,[H]C5=CC([N+]([O-])=O)=CC([N+]([O-])=O)=C5/N=N/C6=CC(OC)=C(C=C6)N(CC)CC,toluene,,,535
192,,[H]C7=CC([N+]([O-])=O)=CC(C#N)=C7/N=N/C8=CC(OC)=C(C=C8)N(CC)CC,toluene,,,548
193,,BrC9=CC([N+]([O-])=O)=CC([N+]([O-])=O)=C9/N=N/C%10=CC(OC)=C(C=C%10)N(CC)CC,toluene,,,540
194,,ClC%11=CC([N+]([O-])=O)=CC(C#N)=C%11/N=N/C%12=CC(OC)=C(C=C%12)N(CC)CC,toluene,,,559
195,,CCN(C%13=C(OC)C=C(/N=N/C%14=C(C#N)C=C([N+]([O-])=O)C=C%14C#N)C=C%13)CC,toluene,,,614
196,"2-Me,4-NEtEtCN(EtEtOH)",CC(C=C(N(CCC#N)CCO)C=C1)=C1/N=N/C2=CC=CC=C2,EtOH,,,403
197,,CC(C=C(N(CCC#N)CCO)C=C1)=C1/N=N/C2=CC=CC=C2[N+]([O-])=O,EtOH,,,429
198,,CC(C=C(N(CCC#N)CCO)C=C1)=C1/N=N/C2=CC=CC([N+]([O-])=O)=C2,EtOH,,,424
199,,CC(C=C(N(CCC#N)CCO)C=C1)=C1/N=N/C2=CC=C([N+]([O-])=O)C=C2,EtOH,,,461
200,,CC(C=C(N(CCC#N)CCO)C=C1)=C1/N=N/C2=CC=CC=C2Br,EtOH,,,417
201,,CC(C=C(N(CCC#N)CCO)C=C1)=C1/N=N/C2=CC=CC(Br)=C2,EtOH,,,414
202,,CC(C=C(N(CCC#N)CCO)C=C1)=C1/N=N/C2=CC=CC=C2Cl,EtOH,,,412
203,,CC(C=C(N(CCC#N)CCO)C=C1)=C1/N=N/C2=CC=CC(Cl)=C2,EtOH,,,410
204,,CC(C=C(N(CCC#N)CCO)C=C1)=C1/N=N/C2=CC=C(Cl)C=C2,EtOH,,,413
205,,CC(C=C(N(CCC#N)CCO)C=C1)=C1/N=N/C2=C(F)C=CC=C2,EtOH,,,417
206,,CC(C=C(N(CCC#N)CCO)C=C1)=C1/N=N/C2=CC(F)=CC=C2,EtOH,,,415
207,,CC(C=C(N(CCC#N)CCO)C=C1)=C1/N=N/C2=C(C(F)(F)F)C=CC=C2,EtOH,,,419
208,,CC(C=C(N(CCC#N)CCO)C=C1)=C1/N=N/C2=CC(C(F)(F)F)=CC=C2,EtOH,,,418
209,,CC(C=C(N(CCC#N)CCO)C=C1)=C1/N=N/C2=CC=C(C(F)(F)F)C=C2,EtOH,,,421
210,,CC(C=C(N(CCC#N)CCO)C=C1)=C1/N=N/C2=C(C#N)C=CC=C2,EtOH,,,438
211,,CC(C=C(N(CCC#N)CCO)C=C1)=C1/N=N/C2=CC=C(C#N)C=C2,EtOH,,,437
212,,CC(C=C(N(CCC#N)CCO)C=C1)=C1/N=N/C2=C(OC)C=CC=C2,EtOH,,,409
213,,CC(C=C(N(CCC#N)CCO)C=C1)=C1/N=N/C2=CC(OC)=CC=C2,EtOH,,,407
214,,CC(C=C(N(CCC#N)CCO)C=C1)=C1/N=N/C2=C(C)C=CC=C2,EtOH,,,405
215,,CC(C=C(N(CCC#N)CCO)C=C1)=C1/N=N/C2=CC(C)=CC=C2,EtOH,,,402
216,,CC(C=C(N(CCC#N)CCO)C=C1)=C1/N=N/C2=CC=C(C)C=C2,EtOH,,,402
217,,CC(C=C(N(CCC#N)CCO)C=C1)=C1/N=N/C2=CC(C(O)C)=CC=C2,EtOH,,,405
218,,CC(C=C(N(CCC#N)CCO)C=C1)=C1/N=N/C2=CC=C(S(=O)(C)=O)C=C2,EtOH,,,434
219,,CC(C=C(N(CCC#N)CCO)C=C1)=C1/N=N/C2=CC=C(C(C)=O)C=C2,EtOH,,,412
220,4-NEtEtCN,N#CCCNC(C=C1)=CC=C1/N=N/C2=CC=CC=C2,EtOH,,,396
221,,N#CCCNC(C=C1)=CC=C1/N=N/C2=CC=CC=C2[N+]([O-])=O,EtOH,,,422
222,,N#CCCNC(C=C1)=CC=C1/N=N/C2=CC=CC([N+]([O-])=O)=C2,EtOH,,,418
223,,ClC1=CC=CC=C1/N=N/C2=CC=C(NCCC#N)C=C2,EtOH,,,408
224,,ClC1=CC(/N=N/C2=CC=C(NCCC#N)C=C2)=CC=C1,EtOH,,,408
225,,ClC1=CC=C(/N=N/C2=CC=C(NCCC#N)C=C2)C=C1,EtOH,,,404
226,,FC1=CC=CC=C1/N=N/C2=CC=C(NCCC#N)C=C2,EtOH,,,404
227,,FC1=CC(/N=N/C2=CC=C(NCCC#N)C=C2)=CC=C1,EtOH,,,406
228,,FC1=CC=C(/N=N/C2=CC=C(NCCC#N)C=C2)C=C1,EtOH,,,398
229,,N#CCCNC(C=C1)=CC=C1/N=N/C2=CC=C(C(F)(F)F)C=C2,EtOH,,,411
230,,N#CCCNC(C=C1)=CC=C1/N=N/C2=CC=CC=C2C#N,EtOH,,,429
231,,N#CCCNC(C=C1)=CC=C1/N=N/C2=CC=C(C#N)C=C2,EtOH,,,428
232,,N#CCCNC(C=C1)=CC=C1/N=N/C2=CC=CC=C2OC,EtOH,,,394
233,,N#CCCNC(C=C1)=CC=C1/N=N/C2=CC=CC(OC)=C2,EtOH,,,394
234,,N#CCCNC(C=C1)=CC=C1/N=N/C2=CC=C(OC)C=C2,EtOH,,,395
235,,CC1=CC=CC=C1/N=N/C2=CC=C(NCCC#N)C=C2,EtOH,,,400
236,,CC1=CC(/N=N/C2=CC=C(NCCC#N)C=C2)=CC=C1,EtOH,,,400
237,,CC1=CC=C(/N=N/C2=CC=C(NCCC#N)C=C2)C=C1,EtOH,,,395
238,,OCCC1=CC=CC=C1/N=N/C2=CC=C(NCCC#N)C=C2,EtOH,,,399
239,,CC(O)C1=CC(/N=N/C2=CC=C(NCCC#N)C=C2)=CC=C1,EtOH,,,396
240,,OCCC1=CC=C(/N=N/C2=CC=C(NCCC#N)C=C2)C=C1,EtOH,,,396
241,,O=C(C)NC1=CC=C(/N=N/C2=CC=C(NCCC#N)C=C2)C=C1,EtOH,,,403
242,,[H]N(C)C(C=C1)=CC=C1/N=N/C2=CC=CC=C2,EtOH,,,400
243,,[H]N(CC)C(C=C3)=CC=C3/N=N/C4=CC=CC=C4,EtOH,,,400
244,,[H]N(CCO)C(C=C5)=CC=C5/N=N/C6=CC=CC=C6,EtOH,,,398
245,,[H]N(CCC#N)C(C=C7)=CC=C7/N=N/C8=CC=CC=C8,EtOH,,,390
246,,CC9=CC(NCCC#N)=CC=C9/N=N/C%10=CC=CC=C%10,EtOH,,,396
247,,OCCN(CCO)C(C=C%11)=CC=C%11/N=N/C%12=CC=CC=C%12,EtOH,,,407
248,,OCCN(CCC#N)C(C=C%13)=CC=C%13/N=N/C%14=CC=CC=C%14,EtOH,,,397
249,,CC%15=CC(N(CCO)CCC#N)=CC=C%15/N=N/C%16=CC=CC=C%16,EtOH,,,403
250,,CN(CCC#N)C(C=C%17)=CC=C%17/N=N/C%18=CC=CC=C%18,EtOH,,,396
251,,CCN(CCC#N)C(C=C%19)=CC=C%19/N=N/C%20=CC=CC=C%20,EtOH,,,399
252,,CCN(CCC#N)C(C=C%21C)=CC=C%21/N=N/C%22=CC=CC=C%22,EtOH,,,404
253,,N#CCCN(CCC#N)C(C=C%23)=CC=C%23/N=N/C%24=CC=CC=C%24,EtOH,,,382
254,,CC1=CC(N(CCC#N)CCC#N)=CC=C1/N=N/C2=CC=CC=C2,EtOH,,,392
255,,[H]N(C)C(C=C1)=CC=C1/N=N/C2=CC=C([N+]([O-])=O)C=C2,EtOH,,,464
256,,[H]N(CC)C(C=C3)=CC=C3/N=N/C4=CC=C([N+]([O-])=O)C=C4,EtOH,,,468
257,,[H]N(CCO)C(C=C5)=CC=C5/N=N/C6=CC=C([N+]([O-])=O)C=C6,EtOH,,,463
258,,[H]N(CCC#N)C(C=C7)=CC=C7/N=N/C8=CC=C([N+]([O-])=O)C=C8,EtOH,,,443
259,,CC9=CC(NCCC#N)=CC=C9/N=N/C%10=CC=C([N+]([O-])=O)C=C%10,EtOH,,,451
260,,OCCN(CCO)C(C=C%11)=CC=C%11/N=N/C%12=CC=C([N+]([O-])=O)C=C%12,EtOH,,,475
261,,OCCN(CCC#N)C(C=C%13)=CC=C%13/N=N/C%14=CC=C([N+]([O-])=O)C=C%14,EtOH,,,451
262,,CC%15=CC(N(CCO)CCC#N)=CC=C%15/N=N/C%16=CC=C([N+]([O-])=O)C=C%16,EtOH,,,461
263,,CN(CCC#N)C(C=C%17)=CC=C%17/N=N/C%18=CC=C([N+]([O-])=O)C=C%18,EtOH,,,448
264,,CCN(CCC#N)C(C=C%19)=CC=C%19/N=N/C%20=CC=C([N+]([O-])=O)C=C%20,EtOH,,,452
265,,CCN(CCC#N)C(C=C%21C)=CC=C%21/N=N/C%22=CC=C([N+]([O-])=O)C=C%22,EtOH,,,463
266,,N#CCCN(CCC#N)C(C=C%23)=CC=C%23/N=N/C%24=CC=C([N+]([O-])=O)C=C%24,EtOH,,,432
267,,CC1=CC(N(CCC#N)CCC#N)=CC=C1/N=N/C2=CC=C([N+]([O-])=O)C=C2,EtOH,,,441
268,tet,C[N]1N=NC(=N1)N=NC2=CC=CC=C2,ACN,305.0,,310
269,3tri,C[N]1C=NC(=N1)N=NC2=CC=CC=C2,ACN,306.0,,310
270,3pzH,C[N]1C=CC(=N1)N=NC2=CC=CC=C2,ACN,311.0,,320
271,3pzMe,C[N]1C=C(C)C(=N1)N=NC2=CC=CC=C2,ACN,317.0,,325
272,4pzH,C[N]1C=C(C=N1)N=NC2=CC=CC=C2,ACN,318.0,,328
273,4pzMe,C[N]1N=C(C)C(=C1C)N=NC2=CC=CC=C2,ACN,327.0,,335
274,5pzH,C[N]1N=CC=C1N=NC2=CC=CC=C2,ACN,333.0,,341
275,5pzMe,C[N]1N=CC(=C1N=NC2=CC=CC=C2)C,ACN,338.0,,340
276,3pyH,CC(N(C)C(C)=C1)=C1/N=N/C2=CC=CC=C2,ACN,359.0,,363
277,3pyMe,CC(N(C)C(C)=C1C)=C1/N=N/C2=CC=CC=C2,ACN,344.0,,345
278,2pyMe,CN1C(/N=N/C2=CC=CC=C2)=C(C)C=C1C,ACN,360.0,,394
279,2pyH,CN1C(/N=N/C2=CC=CC=C2)=CC=C1,ACN,351.0,,385
280,2im,CN1C(/N=N/C2=CC=CC=C2)=NC=C1,ACN,342.0,,363
281,4im,CN(C=N1)C=C1/N=N/C2=CC=CC=C2,ACN,329.0,,336
282,5im,CN1C(/N=N/C2=CC=CC=C2)=CN=C1,ACN,343.0,,362
283,3(5)-Arylazo‑1H‑pyrazoles,NC(C=C1)=CC=C1N=NC2=NNC=C2,DMSO,,,391
284,,COC(C=C1)=CC=C1N=NC2=NNC=C2,DMSO,,,344
285,,CC(C=C1)=CC=C1N=NC2=NNC=C2,DMSO,,,332
286,,C1(/N=N/C2=CC=NN2)=CC=NN1,DMSO,,,320
287,,[H]C(C=C1)=CC=C1N=NC2=NNC=C2,DMSO,,,324
288,,BrC(C=C1)=CC=C1N=NC2=NNC=C2,DMSO,,,331
289,,FC1=CC=CC=C1N=NC2=NNC=C2,DMSO,,,328
290,,O=C(O)C(C=C1)=CC=C1N=NC2=NNC=C2,DMSO,,,328
291,,O=C(C1=CC=C(/N=N/C2=NNC=C2)C=C1)OCC,DMSO,,,331
292,,CC(C(C=C1)=CC=C1N=NC2=NNC=C2)=O,DMSO,,,322
293,,[O-][N+](C(C=C1)=CC=C1N=NC2=NNC=C2)=O,DMSO,,,340
294,4pzH-F2,CN(N=C1)C=C1/N=N/C2=C(F)C=CC=C2F,ACN,,,316
295,4pMe-F2,CN(N=C1C)C(C)=C1/N=N/C2=C(F)C=CC=C2F,ACN,,,328
296,4pzMe-Cl2,CN(N=C1C)C(C)=C1/N=N/C2=C(Cl)C=CC=C2Cl,ACN,,,328
297,4pzMe-OMe2,CN(N=C1C)C(C)=C1/N=N/C2=C(OC)C=CC=C2OC,ACN,,,307
298,F2-sym,FC1=CC=CC=C1/N=N/C2=C(F)C=CC=C2,ACN,,,325
299,F2-asym,FC1=CC=CC(F)=C1/N=N/C2=CC=CC=C2,ACN,,,309
300,F4,FC1=CC=CC(F)=C1/N=N/C2=C(F)C=CC=C2F,ACN,,,305
301,F6,FC1=CC(F)=CC(F)=C1/N=N/C(C(F)=C2)=C(F)C=C2F,ACN,,,309
302,F8,FC1=C(F)C=C(F)C(F)=C1/N=N/C2=C(F)C(F)=CC(F)=C2F,ACN,,,303
303,F10,FC1=C(F)C(F)=C(F)C(F)=C1/N=N/C2=C(F)C(F)=C(F)C(F)=C2F,ACN,,,310
304,F2-ester-2,FC1=CC=CC(F)=C1/N=N/C2=CC=C(C(OCC)=O)C=C2,ACN,,,316
305,F4-diester,FC1=CC(C(OCC)=O)=CC(F)=C1/N=N/C2=C(F)C=C(C(OCC)=O)C=C2F,ACN,,,314
306,F4-ester,FC1=CC(C(OCC)=O)=CC(F)=C1/N=N/C2=C(F)C=CC=C2F,ACN,,,310
307,F2-diester,FC1=CC(C(OCC)=O)=CC(F)=C1/N=N/C2=CC=C(C(OCC)=O)C=C2,ACN,,,320
308,F2-ester-1,FC1=CC(C(OCC)=O)=CC(F)=C1/N=N/C2=CC=CC=C2,ACN,,,316
309,2,CC(NC(C=C1)=CC(OC)=C1/N=N/C2=C(OC)C=C(NC(C)=O)C=C2)=O,DMSO,,,338
310,3,CC(NC(C=C1OC)=CC(OC)=C1/N=N/C2=C(OC)C=C(NC(C)=O)C=C2OC)=O,DMSO,,,345
311,pyrOMe,COC(C=CN=C1)=C1/N=N/C2=CC=CC=C2,toluene,,,332
312,pyr,C1(/N=N/C2=CC=CC=C2)=CC=CN=C1,toluene,,,322
313,pyrMe,CC1=C(/N=N/C2=CC=CC=C2)C=NC=C1,toluene,,,322
314,pyrisoprop,CC(C)C1=C(/N=N/C2=CC=CC=C2)C=NC=C1,toluene,,,323
315,pyriodo,IC1=C(/N=N/C2=CC=CC=C2)C=NC=C1,toluene,,,330
316,pyrNMe2,CN(C)C1=C(/N=N/C2=CC=CC=C2)C=NC=C1,toluene,,,313
317,pyrimdione,O=C(N(CCC)C=C1/N=N/C2=CC=C(C(C)(C)C)C=C2)NC1=O,toluene,,,375
318,carbohydrate,O=C(COC1=C(/N=N\C2=C(OC3)C=CC=C2)C=CC=C1)O[C@H]4[C@H](OCC5=CC=CC=C5)[C@@H](OCC6=CC=CC=C6)[C@H](SC7=CC=CC=C7)O[C@@H]4COC3=O,ACN,,,310
319,v1,CC1=C(C(C)=NN1)/N=N/C2=C(F)C=CC=C2,ACN,,,334
320,v2,CC1=C(C(C)=NN1)/N=N/C2=CC(F)=CC=C2,ACN,,,334
321,v3,CC1=C(C(C)=NN1)/N=N/C2=CC=C(F)C=C2,ACN,,,330
322,v4,CC1=C(C(C)=NN1)/N=N/C2=C(Cl)C=CC=C2,ACN,,,339
323,v5,CC1=C(C(C)=NN1)/N=N/C2=CC(Cl)=CC=C2,ACN,,,336
324,,CC1=C(C(C)=NN1)/N=N/C2=CC=C(Cl)C=C2,ACN,,,336
325,,CC1=C(C(C)=NN1)/N=N/C2=C(Br)C=CC=C2,ACN,,,340
326,,CC1=C(C(C)=NN1)/N=N/C2=CC(Br)=CC=C2,ACN,,,335
327,,CC1=C(C(C)=NN1)/N=N/C2=CC=C(Br)C=C2,ACN,,,337
328,V 3-OH,CC1=C(C(C)=NN1)/N=N/C2=CC(O)=CC=C2,ACN,,,330
329,V 2-CF3,CC1=C(C(C)=NN1)/N=N/C2=C(C(F)(F)F)C=CC=C2,ACN,,,335
330,,CC1=C(C(C)=NN1)/N=N/C2=CC(C(F)(F)F)=CC=C2,ACN,,,332
331,,CC1=C(C(C)=NN1)/N=N/C2=CC=C(C(F)(F)F)C=C2,ACN,,,334
332,,CC1=C(C(C)=NN1)/N=N/C2=C(OC)C=CC=C2,ACN,,,350
333,,CC1=C(C(C)=NN1)/N=N/C2=CC(OC)=CC=C2,ACN,,,330
334,,CC1=C(C(C)=NN1)/N=N/C2=CC=C(OC)C=C2,ACN,,,342
335,2-Me,CC1=C(C(C)=NN1)/N=N/C2=C(C)C=CC=C2,ACN,,,336
336,,CC1=C(C(C)=NN1)/N=N/C2=CC(C)=CC=C2,ACN,,,331
337,,CC1=C(C(C)=NN1)/N=N/C2=CC=C(C)C=C2,ACN,,,335
338,3-COOH,CC1=C(C(C)=NN1)/N=N/C2=CC(C(O)=O)=CC=C2,ACN,,,332
339,,CC1=C(C(C)=NN1)/N=N/C2=CC=C(C(O)=O)C=C2,ACN,,,342
340,,CC1=C(C(C)=NN1)/N=N/C2=CC(NC(C)=O)=CC=C2,ACN,,,329
341,,CC1=C(C(C)=NN1)/N=N/C2=CC=C(NC(C)=O)C=C2,ACN,,,350
342,isoxazoles,CC1=NOC(C)=C1/N=N/C2=CC=CC=C2,ACN,,,315
343,,CC1=NOC(C)=C1/N=N/C2=C(F)C=CC=C2,ACN,,,321
344,,CC1=NOC(C)=C1/N=N/C2=CC(F)=CC=C2,ACN,,,315
345,,CC1=NOC(C)=C1/N=N/C2=CC=C(F)C=C2,ACN,,,318
346,,CC1=NOC(C)=C1/N=N/C2=C(Cl)C=CC=C2,ACN,,,321
347,,CC1=NOC(C)=C1/N=N/C2=CC(Cl)=CC=C2,ACN,,,315
348,,CC1=NOC(C)=C1/N=N/C2=CC=C(Cl)C=C2,ACN,,,323
349,,CC1=NOC(C)=C1/N=N/C2=C(Br)C=CC=C2,ACN,,,321
350,,CC1=NOC(C)=C1/N=N/C2=CC(Br)=CC=C2,ACN,,,315
351,,CC1=NOC(C)=C1/N=N/C2=CC=C(Br)C=C2,ACN,,,325
352,,CC1=NOC(C)=C1/N=N/C2=CC=C(I)C=C2,ACN,,,330
353,3-OH,CC1=NOC(C)=C1/N=N/C2=CC(O)=CC=C2,ACN,,,313
354,3-CF3,CC1=NOC(C)=C1/N=N/C2=CC(C(F)(F)F)=CC=C2,ACN,,,314
355,,CC1=NOC(C)=C1/N=N/C2=CC=C(C(F)(F)F)C=C2,ACN,,,312
356,2-OME,CC1=NOC(C)=C1/N=N/C2=C(OC)C=CC=C2,ACN,,,311
357,,CC1=NOC(C)=C1/N=N/C2=CC(OC)=CC=C2,ACN,,,312
358,,CC1=NOC(C)=C1/N=N/C2=CC=C(OC)C=C2,ACN,,,337
359,2-NO2,CC1=NOC(C)=C1/N=N/C2=C([N+]([O-])=O)C=CC=C2,ACN,,,318
360,,CC1=NOC(C)=C1/N=N/C2=CC=C([N+]([O-])=O)C=C2,ACN,,,332
361,,CC1=NOC(C)=C1/N=N/C2=CC=C(C)C=C2,ACN,,,323
362,,CC1=NOC(C)=C1/N=N/C2=CC(NC(C)=O)=CC=C2,ACN,,,315
363,,CC1=NOC(C)=C1/N=N/C2=CC=C(NC(C)=O)C=C2,ACN,,,342
364,,CC1=C(/N=N/C2=C3C=CC=CC3=CC=C2)C(C)=NO1,ACN,,,362
365,,CC1=C(/N=N/C2=CC(Cl)=CC=C2Cl)C(C)=NO1,ACN,,,320
366,,CC1=C(/N=N/C2=C(Cl)C=CC=C2Cl)C(C)=NO1,ACN,,,297
367,,CC1=C(/N=N/C2=CC=C(F)C=C2F)C(C)=NO1,ACN,,,324
368,,CC1=C(/N=N/C2=CC(F)=CC=C2F)C(C)=NO1,ACN,,,328
369,,CC1=C(/N=N/C2=C(F)C=CC=C2F)C(C)=NO1,ACN,,,309
370,,CC1=C(/N=N/C2=CC(F)=CC(F)=C2)C(C)=NO1,ACN,,,315
371,3-Nh2,CC1=C(/N=N/C2=CC=CC(N)=C2)C(C)=NO1,ACN,,,315
372,2-CN,CC1=C(/N=N/C2=CC=CC=C2C#N)C(C)=NO1,ACN,,,325
373,pyr,CC1=C(/N=N/C2=CC=CN=C2)C(C)=NO1,ACN,,,316
374,thiophene,CC1=CC=C(/N=N/C2=CC=CS2)C=C1,ACN,,,365
375,thiophenylazobenzenes,COC(S1)=CC=C1/N=N/C2=CC=CC=C2,ACN,,,394
376,,COC(S1)=CC=C1/N=N/C2=CC=C(C#N)C=C2,ACN,,,413
377,,CC(S1)=CC=C1/N=N/C2=CC=C(C#N)C=C2,ACN,,,387
378,,CC(S1)=CC=C1/N=N/C2=CC=C(C(F)(F)F)C=C2,ACN,,,378
379,,N#CC(S1)=CC=C1/N=N/C2=CC=CC=C2,ACN,,,367
380,,COC1=CC=C(/N=N/C2=CC=CS2)C=C1,ACN,,,373
381,,N#CC1=CC=C(/N=N/C2=CC=CS2)C=C1,ACN,,,370
382,,FC(F)(F)C1=CC=C(/N=N/C2=CC=CS2)C=C1,ACN,,,362
383,,COC1=CC(/N=N/C2=CC=CS2)=CC=C1,ACN,,,364
384,,N#CC1=CC(/N=N/C2=CC=CS2)=CC=C1,ACN,,,362
385,https://www.sciencedirect.com/science/article/pii/S0143720807001933?via%3Dihub,Cc1[nH]c2c(c1N=Nc1nncs1)cccc2,ACN,,,428
386,,Cn1c(C)c(c2c1cccc2)N=Nc1nncs1,ACN,,,434
387,,c1ccc(cc1)c1[nH]c2c(c1N=Nc1nncs1)cccc2,ACN,,,437
388,,Cn1c(c2ccccc2)c(c2c1cccc2)N=Nc1nncs1,ACN,,,431
389,,CSc1nnc(s1)N=Nc1c(C)[nH]c2c1cccc2,ACN,,,445
390,,CSc1nnc(s1)N=Nc1c2ccccc2n(c1C)C,ACN,,,451
391,,CSc1nnc(s1)N=Nc1c([nH]c2c1cccc2)c1ccccc1,ACN,,,467
392,,CSc1nnc(s1)N=Nc1c(c2ccccc2)n(c2c1cccc2)C,ACN,,,459
393,,CC1=C(/N=N/C2=NN=C(CC)S2)C3=CC=CC=C3N1,ACN,,,420
394,,CCc1nnc(s1)N=Nc1c2ccccc2n(c1C)C,ACN,,,432
395,,CCc1nnc(s1)N=Nc1c([nH]c2c1cccc2)c1ccccc1,ACN,,,440
396,,CCc1nnc(s1)N=Nc1c(c2ccccc2)n(c2c1cccc2)C,ACN,,,438
397,,Cc1[nH]c2c(c1N=Nc1n[nH]c(n1)S)cccc2,ACN,,,392
398,,Sc1[nH]nc(n1)N=Nc1c(C)n(c2c1cccc2)C,ACN,,,401
399,,Sc1[nH]nc(n1)N=Nc1c([nH]c2c1cccc2)c1ccccc1,ACN,,,411
400,,Sc1[nH]nc(n1)N=Nc1c(c2ccccc2)n(c2c1cccc2)C,ACN,,,408
401,,Cc1[nH]c2c(c1N=Nc1nncs1)cccc2,Chl,,,419
402,,Cn1c(C)c(c2c1cccc2)N=Nc1nncs1,Chl,,,429
403,,c1ccc(cc1)c1[nH]c2c(c1N=Nc1nncs1)cccc2,Chl,,,438
404,,Cn1c(c2ccccc2)c(c2c1cccc2)N=Nc1nncs1,Chl,,,434
405,,CSc1nnc(s1)N=Nc1c(C)[nH]c2c1cccc2,Chl,,,442
406,,CSc1nnc(s1)N=Nc1c2ccccc2n(c1C)C,Chl,,,451
407,,CSc1nnc(s1)N=Nc1c([nH]c2c1cccc2)c1ccccc1,Chl,,,465
408,,CSc1nnc(s1)N=Nc1c(c2ccccc2)n(c2c1cccc2)C,Chl,,,459
409,,CC1=C(/N=N/C2=NN=C(CC)S2)C3=CC=CC=C3N1,Chl,,,428
410,,CCc1nnc(s1)N=Nc1c2ccccc2n(c1C)C,Chl,,,431
411,,CCc1nnc(s1)N=Nc1c([nH]c2c1cccc2)c1ccccc1,Chl,,,437
412,,CCc1nnc(s1)N=Nc1c(c2ccccc2)n(c2c1cccc2)C,Chl,,,430
413,,Cc1[nH]c2c(c1N=Nc1n[nH]c(n1)S)cccc2,Chl,,,381
414,,Sc1[nH]nc(n1)N=Nc1c(C)n(c2c1cccc2)C,Chl,,,398
415,,Sc1[nH]nc(n1)N=Nc1c([nH]c2c1cccc2)c1ccccc1,Chl,,,410
416,,Sc1[nH]nc(n1)N=Nc1c(c2ccccc2)n(c2c1cccc2)C,Chl,,,409
417,,Cc1[nH]c2c(c1N=Nc1nncs1)cccc2,MeOH,,,434
418,,Cn1c(C)c(c2c1cccc2)N=Nc1nncs1,MeOH,,,439
419,,c1ccc(cc1)c1[nH]c2c(c1N=Nc1nncs1)cccc2,MeOH,,,454
420,,Cn1c(c2ccccc2)c(c2c1cccc2)N=Nc1nncs1,MeOH,,,444
421,,CSc1nnc(s1)N=Nc1c(C)[nH]c2c1cccc2,MeOH,,,450
422,,CSc1nnc(s1)N=Nc1c2ccccc2n(c1C)C,MeOH,,,454
423,,CSc1nnc(s1)N=Nc1c([nH]c2c1cccc2)c1ccccc1,MeOH,,,472
424,,CSc1nnc(s1)N=Nc1c(c2ccccc2)n(c2c1cccc2)C,MeOH,,,464
425,,CC1=C(/N=N/C2=NN=C(CC)S2)C3=CC=CC=C3N1,MeOH,,,434
426,,CCc1nnc(s1)N=Nc1c2ccccc2n(c1C)C,MeOH,,,440
427,,CCc1nnc(s1)N=Nc1c([nH]c2c1cccc2)c1ccccc1,MeOH,,,458
428,,CCc1nnc(s1)N=Nc1c(c2ccccc2)n(c2c1cccc2)C,MeOH,,,445
429,,Cc1[nH]c2c(c1N=Nc1n[nH]c(n1)S)cccc2,MeOH,,,395
430,,Sc1[nH]nc(n1)N=Nc1c(C)n(c2c1cccc2)C,MeOH,,,399
431,,Sc1[nH]nc(n1)N=Nc1c([nH]c2c1cccc2)c1ccccc1,MeOH,,,410
432,,Sc1[nH]nc(n1)N=Nc1c(c2ccccc2)n(c2c1cccc2)C,MeOH,,,405
433,,Cc1[nH]c2c(c1N=Nc1nncs1)cccc2,DMSO,,,469
434,,Cn1c(C)c(c2c1cccc2)N=Nc1nncs1,DMSO,,,441
435,,c1ccc(cc1)c1[nH]c2c(c1N=Nc1nncs1)cccc2,DMSO,,,496
436,,Cn1c(c2ccccc2)c(c2c1cccc2)N=Nc1nncs1,DMSO,,,452
437,,CSc1nnc(s1)N=Nc1c(C)[nH]c2c1cccc2,DMSO,,,462
438,,CSc1nnc(s1)N=Nc1c2ccccc2n(c1C)C,DMSO,,,460
439,,CSc1nnc(s1)N=Nc1c([nH]c2c1cccc2)c1ccccc1,DMSO,,,509
440,,CSc1nnc(s1)N=Nc1c(c2ccccc2)n(c2c1cccc2)C,DMSO,,,466
441,,CC1=C(/N=N/C2=NN=C(CC)S2)C3=CC=CC=C3N1,DMSO,,,469
442,,CCc1nnc(s1)N=Nc1c2ccccc2n(c1C)C,DMSO,,,442
443,,CCc1nnc(s1)N=Nc1c([nH]c2c1cccc2)c1ccccc1,DMSO,,,499
444,,CCc1nnc(s1)N=Nc1c(c2ccccc2)n(c2c1cccc2)C,DMSO,,,450
445,,Cc1[nH]c2c(c1N=Nc1n[nH]c(n1)S)cccc2,DMSO,,,388
446,,Sc1[nH]nc(n1)N=Nc1c(C)n(c2c1cccc2)C,DMSO,,,402
447,,Sc1[nH]nc(n1)N=Nc1c([nH]c2c1cccc2)c1ccccc1,DMSO,,,411
448,,Sc1[nH]nc(n1)N=Nc1c(c2ccccc2)n(c2c1cccc2)C,DMSO,,,394
449,https://www.sciencedirect.com/science/article/pii/S1010603009004626,OC1=CC=C(/N=N/C2=CC=C([N+]([O-])=O)C=C2)C=C1/C=N/C3=CC(C(O)=O)=CC=N3,Chl,,,378
450,2,OC1=CC=C(/N=N/C2=CC=C([N+]([O-])=O)C=C2)C=C1/C=N/C3=CC(C(OCC)=O)=CC=N3,Chl,,,379
451,4,OC1=CC=C(/N=N/C2=CC=C(C=C2)[N+]([O-])=O)C=C1/C=N/C3=C(C(C)C)C=C(S(=O)(O)=O)C=C3C(C)C,Chl,,,267
452,3,OC1=CC=C(/N=N/C2=CC=C([N+]([O-])=O)C=C2)C=C1/C=N/C3=CC(C(O)=O)=CC=N3,THF,,,273
453,2,OC1=CC=C(/N=N/C2=CC=C([N+]([O-])=O)C=C2)C=C1/C=N/C3=CC(C(OCC)=O)=CC=N3,THF,,,271
454,4,OC1=CC=C(/N=N/C2=CC=C(C=C2)[N+]([O-])=O)C=C1/C=N/C3=C(C(C)C)C=C(S(=O)(O)=O)C=C3C(C)C,THF,,,268
455,https://chemistry-europe.onlinelibrary.wiley.com/doi/epdf/10.1002/chem.201904309,CN1C2=CC=CC=C2N=C1/N=N/C3=NC4=CC=CC=C4N3C,ACN,,,439
456,,C12=CC=CC=C1N=C(/N=N/C3=NC4=CC=CC=C4O3)O2,ACN,,,430
457,,C12=CC=CC=C1N=C(/N=N/C3=NC4=CC=CC=C4S3)S2,ACN,,,421
458,https://www.sciencedirect.com/science/article/pii/S0143720809000680,[H]C1=CC=C(N=C(N=NC2=CC=CC=C2)S3)C3=C1,ACN,,,328
459,,[H]C4=CC=C(N=C(N=NC5=CC=CC=C5Cl)S6)C6=C4,ACN,,,335
460,,[H]C7=CC=C(N=C(N=NC8=CC=CC(CO)=C8)S9)C9=C7,ACN,,,328
461,,[H]C%10=CC=C(N=C(N=NC%11=C(NC(C)=O)C=CC=C%11)S%12)C%12=C%10,ACN,,,331
462,,[H]C%13=CC=C(N=C(N=NC%14=CC=C(NC(C)=O)C=C%14)S%15)C%15=C%13,ACN,,,371
463,,[H]C%16=CC=C(N=C(N=NC%17=CC=CC=C%17OC)S%18)C%18=C%16,ACN,,,325
464,,[H]C%19=CC=C(N=C(N=NC%20=CC=C(OC)C=C%20)S%21)C%21=C%19,ACN,,,361
465,,[H]C%22=CC=C(N=C(N=NC%23=CC=CC=C%23SC)S%24)C%24=C%22,ACN,,,328
466,,[H]C%25=CC=C(N=C(N=NC%26=CC=C(SC)C=C%26)S%27)C%27=C%25,ACN,,,392
467,,O=[N+]([O-])C1=CC=C(N=C(N=NC2=CC=CC=C2)S3)C3=C1,ACN,,,340
468,,O=[N+]([O-])C4=CC=C(N=C(N=NC5=CC=CC=C5C(O)=O)S6)C6=C4,ACN,,,335
469,,ClC7=CC=CC=C7N=NC8=NC9=CC=C([N+]([O-])=O)C=C9S8,ACN,,,343
470,,ClC%10=CC(N=NC%11=NC%12=CC=C([N+]([O-])=O)C=C%12S%11)=CC=C%10,ACN,,,334
471,,ClC(C=C%13)=CC=C%13N=NC%14=NC%15=CC=C([N+]([O-])=O)C=C%15S%14,ACN,,,346
472,,FC(C=C%16)=CC=C%16N=NC%17=NC%18=CC=C([N+]([O-])=O)C=C%18S%17,ACN,,,342
473,,IC(C=C%19)=CC=C%19N=NC%20=NC%21=CC=C([N+]([O-])=O)C=C%21S%20,ACN,,,368
474,,O=[N+]([O-])C%22=CC=C(N=C(N=NC%23=CC=C([N+]([O-])=O)C=C%23)S%24)C%24=C%22,ACN,,,332
475,,OCC%25=CC(N=NC%26=NC%27=CC=C([N+]([O-])=O)C=C%27S%26)=CC=C%25,ACN,,,341
476,,OCC%28=CC(N=NC%29=NC%30=CC=C([N+]([O-])=O)C=C%30S%29)=CC=C%28,ACN,,,346
477,,O=C(C)NC(C=C%31)=CC=C%31N=NC%32=NC%33=CC=C([N+]([O-])=O)C=C%33S%32,ACN,,,406
478,,COC1=CC=CC=C1N=NC2=NC3=CC=C([N+]([O-])=O)C=C3S2,ACN,,,337
479,,COC(C=C4)=CC=C4N=NC5=NC6=CC=C([N+]([O-])=O)C=C6S5,ACN,,,399
480,,CSC7=CC=CC=C7N=NC8=NC9=CC=C([N+]([O-])=O)C=C9S8,ACN,,,340
481,,CSC(C=C%10)=CC=C%10N=NC%11=NC%12=CC=C([N+]([O-])=O)C=C%12S%11,ACN,,,421
482,,[H]C1=CC=C(N=C(N=NC2=CC=CC=C2)S3)C3=C1,MeOH,,,328
483,,[H]C4=CC=C(N=C(N=NC5=CC=CC=C5Cl)S6)C6=C4,MeOH,,,332
484,,[H]C7=CC=C(N=C(N=NC8=CC=CC(CO)=C8)S9)C9=C7,MeOH,,,328
485,,[H]C%10=CC=C(N=C(N=NC%11=C(NC(C)=O)C=CC=C%11)S%12)C%12=C%10,MeOH,,,331
486,,[H]C%13=CC=C(N=C(N=NC%14=CC=C(NC(C)=O)C=C%14)S%15)C%15=C%13,MeOH,,,368
487,,[H]C%16=CC=C(N=C(N=NC%17=CC=CC=C%17OC)S%18)C%18=C%16,MeOH,,,325
488,,[H]C%19=CC=C(N=C(N=NC%20=CC=C(OC)C=C%20)S%21)C%21=C%19,MeOH,,,365
489,,[H]C%22=CC=C(N=C(N=NC%23=CC=CC=C%23SC)S%24)C%24=C%22,MeOH,,,328
490,,[H]C%25=CC=C(N=C(N=NC%26=CC=C(SC)C=C%26)S%27)C%27=C%25,MeOH,,,396
491,,O=[N+]([O-])C1=CC=C(N=C(N=NC2=CC=CC=C2)S3)C3=C1,MeOH,,,340
492,,O=[N+]([O-])C4=CC=C(N=C(N=NC5=CC=CC=C5C(O)=O)S6)C6=C4,MeOH,,,340
493,,ClC7=CC=CC=C7N=NC8=NC9=CC=C([N+]([O-])=O)C=C9S8,MeOH,,,340
494,,ClC%10=CC(N=NC%11=NC%12=CC=C([N+]([O-])=O)C=C%12S%11)=CC=C%10,MeOH,,,336
495,,ClC(C=C%13)=CC=C%13N=NC%14=NC%15=CC=C([N+]([O-])=O)C=C%15S%14,MeOH,,,346
496,,FC(C=C%16)=CC=C%16N=NC%17=NC%18=CC=C([N+]([O-])=O)C=C%18S%17,MeOH,,,344
497,,IC(C=C%19)=CC=C%19N=NC%20=NC%21=CC=C([N+]([O-])=O)C=C%21S%20,MeOH,,,370
498,,O=[N+]([O-])C%22=CC=C(N=C(N=NC%23=CC=C([N+]([O-])=O)C=C%23)S%24)C%24=C%22,MeOH,,,332
499,,OCC%25=CC(N=NC%26=NC%27=CC=C([N+]([O-])=O)C=C%27S%26)=CC=C%25,MeOH,,,340
500,,OCC%28=CC(N=NC%29=NC%30=CC=C([N+]([O-])=O)C=C%30S%29)=CC=C%28,MeOH,,,345
501,,O=C(C)NC(C=C%31)=CC=C%31N=NC%32=NC%33=CC=C([N+]([O-])=O)C=C%33S%32,MeOH,,,401
502,,COC1=CC=CC=C1N=NC2=NC3=CC=C([N+]([O-])=O)C=C3S2,MeOH,,,337
503,,COC(C=C4)=CC=C4N=NC5=NC6=CC=C([N+]([O-])=O)C=C6S5,MeOH,,,399
504,,CSC7=CC=CC=C7N=NC8=NC9=CC=C([N+]([O-])=O)C=C9S8,MeOH,,,343
505,,CSC(C=C%10)=CC=C%10N=NC%11=NC%12=CC=C([N+]([O-])=O)C=C%12S%11,MeOH,,,421
506,,[H]C1=CC=C(N=C(N=NC2=CC=CC=C2)S3)C3=C1,DMSO,,,328
507,,[H]C4=CC=C(N=C(N=NC5=CC=CC=C5Cl)S6)C6=C4,DMSO,,,348
508,,[H]C7=CC=C(N=C(N=NC8=CC=CC(CO)=C8)S9)C9=C7,DMSO,,,330
509,,[H]C%10=CC=C(N=C(N=NC%11=C(NC(C)=O)C=CC=C%11)S%12)C%12=C%10,DMSO,,,334
510,,[H]C%13=CC=C(N=C(N=NC%14=CC=C(NC(C)=O)C=C%14)S%15)C%15=C%13,DMSO,,,371
511,,[H]C%16=CC=C(N=C(N=NC%17=CC=CC=C%17OC)S%18)C%18=C%16,DMSO,,,325
512,,[H]C%19=CC=C(N=C(N=NC%20=CC=C(OC)C=C%20)S%21)C%21=C%19,DMSO,,,368
513,,[H]C%22=CC=C(N=C(N=NC%23=CC=CC=C%23SC)S%24)C%24=C%22,DMSO,,,330
514,,[H]C%25=CC=C(N=C(N=NC%26=CC=C(SC)C=C%26)S%27)C%27=C%25,DMSO,,,397
515,,O=[N+]([O-])C1=CC=C(N=C(N=NC2=CC=CC=C2)S3)C3=C1,DMSO,,,343
516,,O=[N+]([O-])C4=CC=C(N=C(N=NC5=CC=CC=C5C(O)=O)S6)C6=C4,DMSO,,,347
517,,ClC7=CC=CC=C7N=NC8=NC9=CC=C([N+]([O-])=O)C=C9S8,DMSO,,,347
518,,ClC%10=CC(N=NC%11=NC%12=CC=C([N+]([O-])=O)C=C%12S%11)=CC=C%10,DMSO,,,337
519,,ClC(C=C%13)=CC=C%13N=NC%14=NC%15=CC=C([N+]([O-])=O)C=C%15S%14,DMSO,,,353
520,,FC(C=C%16)=CC=C%16N=NC%17=NC%18=CC=C([N+]([O-])=O)C=C%18S%17,DMSO,,,348
521,,IC(C=C%19)=CC=C%19N=NC%20=NC%21=CC=C([N+]([O-])=O)C=C%21S%20,DMSO,,,369
522,,O=[N+]([O-])C%22=CC=C(N=C(N=NC%23=CC=C([N+]([O-])=O)C=C%23)S%24)C%24=C%22,DMSO,,,334
523,,OCC%25=CC(N=NC%26=NC%27=CC=C([N+]([O-])=O)C=C%27S%26)=CC=C%25,DMSO,,,346
524,,OCC%28=CC(N=NC%29=NC%30=CC=C([N+]([O-])=O)C=C%30S%29)=CC=C%28,DMSO,,,353
525,,O=C(C)NC(C=C%31)=CC=C%31N=NC%32=NC%33=CC=C([N+]([O-])=O)C=C%33S%32,DMSO,,,405
526,,COC1=CC=CC=C1N=NC2=NC3=CC=C([N+]([O-])=O)C=C3S2,DMSO,,,341
527,,COC(C=C4)=CC=C4N=NC5=NC6=CC=C([N+]([O-])=O)C=C6S5,DMSO,,,404
528,,CSC7=CC=CC=C7N=NC8=NC9=CC=C([N+]([O-])=O)C=C9S8,DMSO,,,346
529,,CSC(C=C%10)=CC=C%10N=NC%11=NC%12=CC=C([N+]([O-])=O)C=C%12S%11,DMSO,,,431
530,https://reader.elsevier.com/reader/sd/pii/S0167732214000853?token=DD7611DA2CC05FA4C015E199F426191245DAB3605806E7F1DD239423F2D730BF159884E5093FC3ADEC40AAB585B24E43,OC1=C(N=CC=C2)C2=C(/N=N/C3=CC=CC=C3)C=C1,ACN,,,382
531,,OC4=C(N=CC=C5)C5=C(/N=N/C6=CC=C(C)C=C6)C=C4,ACN,,,384
532,,OC7=C(N=CC=C8)C8=C(/N=N/C9=CC=C(OC%10=CC=CC=C%10)C=C9)C=C7,ACN,,,390
533,,OC%11=C(N=CC=C%12)C%12=C(/N=N/C%13=CC=C(NC(C)=O)C=C%13)C=C%11,ACN,,,395
534,,OC%14=C(N=CC=C%15)C%15=C(/N=N/C%16=CC=C(OCC)C=C%16)C=C%14,ACN,,,390
535,,OC%17=C(N=CC=C%18)C%18=C(/N=N/C%19=CC=C(Cl)C=C%19)C=C%17,ACN,,,388
536,,OC%20=C(N=CC=C%21)C%21=C(/N=N/C%22=CC=C(C(O)=O)C=C%22)C=C%20,ACN,,,395
537,,OC%23=C(N=CC=C%24)C%24=C(/N=N/C%25=CC=CC=C%25C(O)=O)C=C%23,ACN,,,503
538,,OC%26=C(N=CC=C%27)C%27=C(/N=N/C%28=CC=C(C(C)=O)C=C%28)C=C%26,ACN,,,398
539,,OC%29=C(N=CC=C%30)C%30=C(/N=N/C%31=CC=C(C#N)C=C%31)C=C%29,ACN,,,401
540,,OC%32=C(N=CC=C%33)C%33=C(/N=N/C%34=CC=C([N+]([O-])=O)C=C%34)C=C%32,ACN,,,413
541,,OC1=C(N=CC=C2)C2=C(/N=N/C3=CC=CC=C3)C=C1,MeOH,,,385
542,,OC4=C(N=CC=C5)C5=C(/N=N/C6=CC=C(C)C=C6)C=C4,MeOH,,,388
543,,OC7=C(N=CC=C8)C8=C(/N=N/C9=CC=C(OC%10=CC=CC=C%10)C=C9)C=C7,MeOH,,,390
544,,OC%11=C(N=CC=C%12)C%12=C(/N=N/C%13=CC=C(NC(C)=O)C=C%13)C=C%11,MeOH,,,403
545,,OC%14=C(N=CC=C%15)C%15=C(/N=N/C%16=CC=C(OCC)C=C%16)C=C%14,MeOH,,,390
546,,OC%17=C(N=CC=C%18)C%18=C(/N=N/C%19=CC=C(Cl)C=C%19)C=C%17,MeOH,,,394
547,,OC%20=C(N=CC=C%21)C%21=C(/N=N/C%22=CC=C(C(O)=O)C=C%22)C=C%20,MeOH,,,400
548,,OC%23=C(N=CC=C%24)C%24=C(/N=N/C%25=CC=CC=C%25C(O)=O)C=C%23,MeOH,,,490
549,,OC%26=C(N=CC=C%27)C%27=C(/N=N/C%28=CC=C(C(C)=O)C=C%28)C=C%26,MeOH,,,405
550,,OC%29=C(N=CC=C%30)C%30=C(/N=N/C%31=CC=C(C#N)C=C%31)C=C%29,MeOH,,,410
551,,OC%32=C(N=CC=C%33)C%33=C(/N=N/C%34=CC=C([N+]([O-])=O)C=C%34)C=C%32,MeOH,,,478
552,,OC1=C(N=CC=C2)C2=C(/N=N/C3=CC=CC=C3)C=C1,Chl,,,384
553,,OC4=C(N=CC=C5)C5=C(/N=N/C6=CC=C(C)C=C6)C=C4,Chl,,,386
554,,OC7=C(N=CC=C8)C8=C(/N=N/C9=CC=C(OC%10=CC=CC=C%10)C=C9)C=C7,Chl,,,391
555,,OC%11=C(N=CC=C%12)C%12=C(/N=N/C%13=CC=C(NC(C)=O)C=C%13)C=C%11,Chl,,,394
556,,OC%14=C(N=CC=C%15)C%15=C(/N=N/C%16=CC=C(OCC)C=C%16)C=C%14,Chl,,,394
557,,OC%17=C(N=CC=C%18)C%18=C(/N=N/C%19=CC=C(Cl)C=C%19)C=C%17,Chl,,,390
558,,OC%20=C(N=CC=C%21)C%21=C(/N=N/C%22=CC=C(C(O)=O)C=C%22)C=C%20,Chl,,,397
559,,OC%23=C(N=CC=C%24)C%24=C(/N=N/C%25=CC=CC=C%25C(O)=O)C=C%23,Chl,,,426
560,,OC%26=C(N=CC=C%27)C%27=C(/N=N/C%28=CC=C(C(C)=O)C=C%28)C=C%26,Chl,,,402
561,,OC%29=C(N=CC=C%30)C%30=C(/N=N/C%31=CC=C(C#N)C=C%31)C=C%29,Chl,,,405
562,,OC%32=C(N=CC=C%33)C%33=C(/N=N/C%34=CC=C([N+]([O-])=O)C=C%34)C=C%32,Chl,,,414
563,,OC1=C2N=CC=CC2=C(/N=N/C3=NC=CS3)C=C1,Chl,,,428
564,,OC4=C5N=CC=CC5=C(/N=N/C6=NC=C(C)S6)C=C4,Chl,,,436
565,,OC7=C8N=CC=CC8=C(/N=N/C9=NC=C(S(=O)(C%10=CC=C([N+]([O-])=O)C=C%10)=O)S9)C=C7,Chl,,,491
566,,OC%11=C%12N=CC=CC%12=C(/N=N/C%13=NC(CC(OCC)=O)=CS%13)C=C%11,Chl,,,438
567,,OC%14=C%15N=CC=CC%15=C(/N=N/C%16=NC(C%17=CC=CC=C%17)=CS%16)C=C%14,Chl,,,516
568,,OC%18=C%19N=CC=CC%19=C(/N=N/C%20=NC(C%21=CC=C(Cl)C=C%21)=CS%20)C=C%18,Chl,,,456
569,,OC%22=C%23N=CC=CC%23=C(/N=N/C%24=NC(C%25=CC=C(Br)C=C%25)=CS%24)C=C%22,Chl,,,462
570,,OC%26=C%27N=CC=CC%27=C(/N=N/C%28=NC%29=CC=CC=C%29S%28)C=C%26,Chl,,,442
571,,OC%30=C%31N=CC=CC%31=C(/N=N/C%32=NC%33=CC=C(Cl)C=C%33S%32)C=C%30,Chl,,,450
572,,OC%34=C%35N=CC=CC%35=C(/N=N/C%36=NC%37=CC=C(OC)C=C%37S%36)C=C%34,Chl,,,461
573,,OC%38=C%39N=CC=CC%39=C(/N=N/C%40=NC%41=CC(C)=C(C)C=C%41S%40)C=C%38,Chl,,,456
574,,OC%42=C%43N=CC=CC%43=C(/N=N/C%44=NC%45=CC=CC=C%45N%44)C=C%42,Chl,,,437
575,10.1016/j.dyepig.2003.10.015,N#CC1C(SC(/N=N/C2=NC(C=CC([N+]([O-])=O)=C3)=C3S2)C1C4CCCCC4)N,MeOH,,,554
576,,N#Cc5c(c6ccc(Cl)cc6)c(/N=N/C7=NC(C=CC([N+]([O-])=O)=C8)=C8S7)sc5N,MeOH,,,549
577,,N#CC9C(SC(/N=N/C%10=NC(C=CC([N+]([O-])=O)=C%11)=C%11S%10)C9C%12CCC(OC)CC%12)N,MeOH,,,557
578,,N#CC1C(SC(/N=N/C2=NC(C=CC([N+]([O-])=O)=C3)=C3S2)C1C4CCCCC4)N,Chl,,,545
579,,N#Cc5c(c6ccc(Cl)cc6)c(/N=N/C7=NC(C=CC([N+]([O-])=O)=C8)=C8S7)sc5N,Chl,,,535
580,,N#CC9C(SC(/N=N/C%10=NC(C=CC([N+]([O-])=O)=C%11)=C%11S%10)C9C%12CCC(OC)CC%12)N,Chl,,,550
